[
    {
      "id": "leopard",
      "name": "豹紋陸龜",
      "image": "leopard.jpg"
    },
    {
      "id": "sulcata",
      "name": "蘇卡達象龜",
      "image": "sulcata.jpg"
    },
    {
      "id": "redfoot",
      "name": "紅腿象龜",
      "image": "redfoot.jpg"
    },
    {
      "id": "yellowfoot",
      "name": "黃腿象龜",
      "image": "yellowfoot.jpg"
    },
    {
      "id": "indianstar",
      "name": "印度星龜",
      "image": "indianstar.jpg"
    },
    {
      "id": "hermann",
      "name": "赫曼陸龜",
      "image": "hermann.jpg"
    },
    {
      "id": "euro",
      "name": "歐洲陸龜",
      "image": "euro.jpg"
    },
    {
      "id": "aldabra",
      "name": "亞達伯拉象龜",
      "image": "aldabra.jpg"
    },
    {
      "id": "yellowhead",
      "name": "黃頭陸龜",
      "image": "yellowhead.jpg"
    }
  ]
  