[
  {
    "type": "修改訂單狀態",
    "orderId": "2025-04-22T06:13:55.022Z",
    "newStatus": "未出單",
    "user": "阿極",
    "time": "2025-04-22T08:09:17.713Z"
  },
  {
    "type": "員工登入成功",
    "username": "pt001",
    "name": "阿極",
    "time": "2025-05-06T15:29:36.690Z"
  },
  {
    "type": "員工登入成功",
    "username": "pt001",
    "name": "阿極",
    "time": "2025-05-07T04:13:47.727Z"
  },
  {
    "type": "修改商品",
    "itemId": "17453902815618150",
    "oldData": {
      "name": "兩棲用電子溫溼度計",
      "price": 450,
      "brand": "ThermoPro",
      "description": "LCD 大螢幕顯示，精準顯示龜缸內環境狀況",
      "image": "/shop/2.jpg",
      "qty": 1,
      "id": "17453902815618150"
    },
    "newData": {
      "name": "兩棲用電子溫度計與濕度計",
      "price": 450,
      "brand": "ThermoPro",
      "description": "LCD 大螢幕顯示，精準顯示龜缸內環境狀況",
      "image": "/shop/2.jpg",
      "qty": 1,
      "id": "17453902815618150",
      "user": "阿極"
    },
    "changes": {
      "name": {
        "from": "兩棲用電子溫溼度計",
        "to": "兩棲用電子溫度計與濕度計"
      },
      "user": {
        "to": "阿極"
      }
    },
    "time": "2025-05-07T04:14:07.178Z",
    "user": "阿極"
  },
  {
    "type": "員工登入成功",
    "username": "pt001",
    "name": "阿極",
    "time": "2025-05-07T04:54:48.838Z"
  },
  {
    "type": "修改訂單狀態",
    "orderId": "2025-05-06T08:48:16.840Z",
    "orderNo": "2025年-0月5-日 06:T0:8:.48:16.840Z",
    "oldStatus": "已出單，未寄出",
    "newStatus": "未出單",
    "user": "阿極",
    "time": "2025-05-07T05:01:47.030Z"
  },
  {
    "type": "刪除訂單",
    "createdAt": "2025-05-06T08:48:16.840Z",
    "reason": "測試用",
    "user": "阿極",
    "time": "2025-05-07T05:01:55.001Z"
  },
  {
    "type": "刪除訂單",
    "createdAt": "20250506170735959",
    "reason": "0",
    "user": "阿極",
    "time": "2025-05-07T05:02:12.845Z"
  },
  {
    "type": "新增訂單",
    "orderId": "20250507130350327",
    "contact": {
      "name": "1",
      "phone": "1",
      "address": "1",
      "bankcode": "1"
    },
    "items": [
      {
        "name": "UVB 全光譜燈123",
        "qty": 1,
        "price": 1280
      }
    ],
    "time": "2025-05-07T05:03:50.347Z",
    "user": "未知"
  },
  {
    "type": "新增訂單",
    "orderId": "20250507130356411",
    "contact": {
      "name": "2",
      "phone": "2",
      "address": "2",
      "bankcode": "2"
    },
    "items": [
      {
        "name": "兩棲用電子溫度計與濕度計",
        "qty": 1,
        "price": 450
      }
    ],
    "time": "2025-05-07T05:03:56.423Z",
    "user": "未知"
  },
  {
    "type": "新增訂單",
    "orderId": "20250507130401759",
    "contact": {
      "name": "3",
      "phone": "3",
      "address": "3",
      "bankcode": "3"
    },
    "items": [
      {
        "name": "60*36*30 強化玻璃龜缸",
        "qty": 1,
        "price": 2400
      }
    ],
    "time": "2025-05-07T05:04:01.768Z",
    "user": "未知"
  },
  {
    "type": "修改訂單狀態",
    "orderId": "20250507130401759",
    "orderNo": "2025年05月07日 13:04:01.759",
    "oldStatus": "未出單",
    "newStatus": "已出單，未寄出",
    "user": "阿極",
    "time": "2025-05-07T05:04:10.384Z"
  },
  {
    "type": "刪除訂單",
    "createdAt": "20250507130401759",
    "reason": "789",
    "user": "阿極",
    "time": "2025-05-07T05:04:14.747Z"
  },
  {
    "type": "員工登入成功",
    "username": "pt001",
    "name": "阿極",
    "time": "2025-05-07T05:45:10.714Z"
  },
  {
    "type": "新增訂單",
    "orderId": "20250507134623438",
    "contact": {
      "name": "2",
      "phone": "2",
      "address": "2",
      "bankcode": "2"
    },
    "items": [
      {
        "name": "UVB 全光譜燈123",
        "qty": 1,
        "price": 1280
      }
    ],
    "time": "2025-05-07T05:46:23.451Z",
    "user": "未知"
  },
  {
    "type": "新增訂單",
    "orderId": "20250507135248867",
    "contact": {
      "name": "1",
      "phone": "1",
      "address": "1",
      "bankcode": "1"
    },
    "items": [
      {
        "name": "UVB 全光譜燈123",
        "qty": 1,
        "price": 1280
      }
    ],
    "time": "2025-05-07T05:52:48.877Z",
    "user": "未知"
  },
  {
    "type": "新增訂單",
    "orderId": "20250507140005810",
    "contact": {
      "name": "1",
      "phone": "1",
      "address": "1",
      "bankcode": "1"
    },
    "items": [
      {
        "name": "兩棲用電子溫度計與濕度計",
        "qty": 1,
        "price": 450
      }
    ],
    "time": "2025-05-07T06:00:05.820Z",
    "user": "未知"
  },
  {
    "type": "新增訂單",
    "orderId": "20250507140709094",
    "contact": {
      "name": "1",
      "phone": "1",
      "address": "1",
      "bankcode": "1"
    },
    "items": [
      {
        "name": "60*36*30 強化玻璃龜缸",
        "qty": 1,
        "price": 2400
      }
    ],
    "time": "2025-05-07T06:07:09.105Z",
    "user": "未知"
  },
  {
    "type": "新增訂單",
    "orderId": "20250507140719594",
    "contact": {
      "name": "4",
      "phone": "4",
      "address": "4",
      "bankcode": "4"
    },
    "items": [
      {
        "name": "兩棲用電子溫度計與濕度計",
        "qty": 1,
        "price": 450
      }
    ],
    "time": "2025-05-07T06:07:19.604Z",
    "user": "未知"
  },
  {
    "type": "員工登入成功",
    "username": "pt001",
    "name": "阿極",
    "time": "2025-05-07T06:07:51.634Z"
  },
  {
    "type": "新增訂單",
    "orderId": "20250507141145174",
    "contact": {
      "name": "4",
      "phone": "4",
      "address": "4",
      "bankcode": "4"
    },
    "items": [
      {
        "name": "UVB 全光譜燈123",
        "qty": 1,
        "price": 1280
      }
    ],
    "time": "2025-05-07T06:11:45.193Z",
    "user": "未知"
  },
  {
    "type": "新增訂單",
    "orderId": "20250507141355328",
    "contact": {
      "name": "5",
      "phone": "5",
      "address": "5",
      "bankcode": "5"
    },
    "items": [
      {
        "name": "兩棲用電子溫度計與濕度計",
        "qty": 1,
        "price": 450
      }
    ],
    "time": "2025-05-07T06:13:55.338Z",
    "user": "未知"
  },
  {
    "type": "新增訂單",
    "orderId": "20250507143150275",
    "contact": {
      "name": "7",
      "phone": "7",
      "address": "7",
      "bankcode": "7"
    },
    "items": [
      {
        "name": "60*36*30 強化玻璃龜缸",
        "qty": 1,
        "price": 2400
      }
    ],
    "time": "2025-05-07T06:31:50.289Z",
    "user": "未知"
  },
  {
    "type": "新增訂單",
    "orderId": "20250507150759671",
    "contact": {
      "name": "4",
      "phone": "4",
      "address": "4",
      "bankcode": "4"
    },
    "items": [
      {
        "name": "60*36*30 強化玻璃龜缸",
        "qty": 1,
        "price": 2400
      },
      {
        "name": "UVB 全光譜燈123",
        "qty": 1,
        "price": 1280
      }
    ],
    "time": "2025-05-07T07:07:59.682Z",
    "user": "未知"
  },
  {
    "type": "員工登入成功",
    "username": "0000",
    "name": "測試帳號",
    "time": "2025-05-07T11:26:44.831Z"
  },
  {
    "type": "新增商品",
    "item": {
      "name": "1",
      "brand": "1",
      "price": 1,
      "description": "1",
      "image": [
        "/shop/1746617393385.jpg"
      ],
      "user": "測試帳號",
      "id": "1746617393391"
    },
    "time": "2025-05-07T11:29:53.394Z",
    "user": "測試帳號"
  },
  {
    "type": "修改訂單狀態",
    "orderId": "20250507150759671",
    "orderNo": "2025年05月07日 15:07:59.671",
    "oldStatus": "未出單",
    "newStatus": "已出單，未寄出",
    "user": "測試帳號",
    "time": "2025-05-07T11:30:28.296Z"
  },
  {
    "type": "刪除訂單",
    "createdAt": "20250507150759671",
    "reason": "555",
    "user": "測試帳號",
    "time": "2025-05-07T11:30:32.296Z"
  },
  {
    "type": "員工登入成功",
    "username": "pt001",
    "name": "阿極",
    "time": "2025-05-08T02:07:11.193Z"
  },
  {
    "type": "員工登入成功",
    "username": "0000",
    "name": "測試帳號",
    "time": "2025-05-08T02:08:01.319Z"
  },
  {
    "type": "員工登入成功",
    "username": "pt001",
    "name": "阿極",
    "time": "2025-05-08T02:08:30.237Z"
  },
  {
    "type": "修改商品",
    "itemId": "17453902815617327",
    "oldData": {
      "name": "UVB 全光譜燈123",
      "price": 1280,
      "brand": "ReptiSun",
      "description": "提供烏龜日照所需的 UVB 光線，內含燈座＋燈管",
      "image": "/shop/1.jpg",
      "qty": 1,
      "id": "17453902815617327"
    },
    "newData": {
      "name": "UVB 全光譜燈123",
      "price": 12800,
      "brand": "ReptiSun",
      "description": "提供烏龜日照所需的 UVB 光線，內含燈座＋燈管",
      "image": "/shop/1.jpg",
      "qty": 1,
      "id": "17453902815617327",
      "user": "阿極"
    },
    "changes": {
      "price": {
        "from": 1280,
        "to": 12800
      },
      "user": {
        "to": "阿極"
      }
    },
    "time": "2025-05-08T02:09:04.762Z",
    "user": "阿極"
  },
  {
    "type": "刪除訂單",
    "createdAt": "20250507143150275",
    "reason": "123",
    "user": "阿極",
    "time": "2025-05-08T02:10:24.971Z"
  },
  {
    "type": "員工登入成功",
    "username": "pt001",
    "name": "阿極",
    "time": "2025-05-08T02:13:14.756Z"
  },
  {
    "type": "員工登入成功",
    "username": "pt001",
    "name": "阿極",
    "time": "2025-05-08T02:13:38.528Z"
  },
  {
    "type": "刪除商品",
    "itemId": "1746617393391",
    "time": "2025-05-08T02:14:54.267Z",
    "user": "阿極"
  },
  {
    "type": "新增商品",
    "item": {
      "name": "1",
      "brand": "1",
      "price": 1,
      "description": "1",
      "image": [
        "/shop/1746670513120.jpg"
      ],
      "user": "阿極",
      "id": "1746670513126"
    },
    "time": "2025-05-08T02:15:13.127Z",
    "user": "阿極"
  },
  {
    "type": "員工登入成功",
    "username": "pt001",
    "name": "阿極",
    "time": "2025-05-08T02:42:55.551Z"
  },
  {
    "type": "修改員工帳號",
    "originalUsername": "0000",
    "oldData": {
      "username": "0000",
      "password": "0000",
      "name": "測試帳號"
    },
    "newData": {
      "originalUsername": "0000",
      "username": "0000",
      "password": "00000",
      "name": "測試帳號"
    },
    "time": "2025-05-08T02:43:34.269Z",
    "user": "阿極"
  },
  {
    "type": "修改員工帳號",
    "originalUsername": "0000",
    "oldData": {
      "originalUsername": "0000",
      "username": "0000",
      "password": "00000",
      "name": "測試帳號"
    },
    "newData": {
      "originalUsername": "0000",
      "username": "0000",
      "password": "0000",
      "name": "測試帳號"
    },
    "time": "2025-05-08T02:43:38.507Z",
    "user": "阿極"
  },
  {
    "type": "修改員工帳號",
    "originalUsername": "0000",
    "oldData": {
      "originalUsername": "0000",
      "username": "0000",
      "password": "0000",
      "name": "測試帳號"
    },
    "newData": {
      "originalUsername": "0000",
      "username": "0000",
      "password": "0000",
      "name": "測試帳號000"
    },
    "time": "2025-05-08T02:43:46.778Z",
    "user": "阿極"
  },
  {
    "type": "修改員工帳號",
    "originalUsername": "0000",
    "oldData": {
      "originalUsername": "0000",
      "username": "0000",
      "password": "0000",
      "name": "測試帳號000"
    },
    "newData": {
      "originalUsername": "0000",
      "username": "0000",
      "password": "0000",
      "name": "測試帳號"
    },
    "time": "2025-05-08T02:46:55.587Z",
    "user": "阿極"
  },
  {
    "type": "員工登入成功",
    "username": "pt001",
    "name": "阿極",
    "time": "2025-05-08T11:51:54.040Z"
  },
  {
    "type": "員工登入成功",
    "username": "pt001",
    "name": "阿極",
    "time": "2025-05-08T14:27:14.007Z"
  },
  {
    "type": "寄養登入成功",
    "username": "pt001",
    "name": "阿極",
    "time": "2025-05-08T14:39:49.826Z"
  },
  {
    "type": "寄養登入成功",
    "username": "pt001",
    "name": "阿極",
    "time": "2025-05-08T14:39:50.702Z"
  },
  {
    "type": "寄養登入成功",
    "username": "pt001",
    "name": "阿極",
    "time": "2025-05-08T14:39:51.245Z"
  },
  {
    "type": "寄養登入成功",
    "username": "pt001",
    "name": "阿極",
    "time": "2025-05-08T14:39:51.394Z"
  },
  {
    "type": "員工登入成功",
    "username": "pt001",
    "name": "阿極",
    "time": "2025-05-08T14:39:58.908Z"
  },
  {
    "type": "員工登入成功",
    "username": "pt001",
    "name": "阿極",
    "time": "2025-05-08T14:49:46.244Z"
  },
  {
    "type": "員工登入成功",
    "username": "pt001",
    "name": "阿極",
    "time": "2025-05-08T14:57:10.447Z"
  },
  {
    "type": "員工登入成功",
    "username": "pt001",
    "name": "阿極",
    "time": "2025-05-08T15:12:25.358Z"
  },
  {
    "type": "員工登入成功",
    "username": "pt001",
    "name": "阿極",
    "time": "2025-05-08T16:31:40.847Z"
  }
]