[
  {
    "contact": {
      "name": "0",
      "phone": "00",
      "address": "0",
      "bankcode": "0"
    },
    "cart": [
      {
        "name": "UVB 全光譜燈",
        "qty": 1,
        "price": 1280
      }
    ],
    "createdAt": "2025-04-22T03:15:45.154Z",
    "deleted": true,
    "deleteReason": "444",
    "deletedAt": "2025-04-22T04:05:10.343Z"
  },
  {
    "contact": {
      "name": "5",
      "phone": "5",
      "address": "5",
      "bankcode": "5"
    },
    "cart": [
      {
        "name": "UVB 全光譜燈",
        "qty": 1,
        "price": 1280
      }
    ],
    "createdAt": "2025-04-22T03:33:25.760Z",
    "deleted": true,
    "deleteReason": "456",
    "deletedAt": "2025-04-22T03:42:35.706Z"
  },
  {
    "contact": {
      "name": "0",
      "phone": "0",
      "address": "00",
      "bankcode": "0"
    },
    "cart": [
      {
        "name": "UVB 全光譜燈",
        "qty": 1,
        "price": 1280
      }
    ],
    "createdAt": "2025-04-22T06:13:55.022Z",
    "deleted": true,
    "status": "未出單",
    "statusUpdatedAt": "2025-04-22T08:09:17.711Z",
    "deleteReason": "546",
    "deletedAt": "2025-04-30T02:39:54.633Z"
  },
  {
    "contact": {
      "name": "4",
      "phone": "4",
      "address": "4",
      "bankcode": "4"
    },
    "cart": [
      {
        "name": "兩棲用電子溫溼度計",
        "qty": 2,
        "price": 450
      },
      {
        "name": "UVB 全光譜燈123",
        "qty": 1,
        "price": 1280
      },
      {
        "name": "60*36*30 強化玻璃龜缸",
        "qty": 1,
        "price": 2400
      }
    ],
    "createdAt": "2025-04-28T17:34:16.004Z",
    "deleted": true,
    "status": "已出單，未寄出",
    "deleteReason": "",
    "deletedAt": "2025-04-28T17:35:16.081Z"
  },
  {
    "contact": {
      "name": "1",
      "phone": "1",
      "address": "1",
      "bankcode": "1"
    },
    "cart": [
      {
        "name": "UVB 全光譜燈123",
        "qty": 1,
        "price": 1280
      }
    ],
    "createdAt": "2025-04-28T17:49:01.086Z",
    "deleted": true,
    "status": "已出單，未寄出",
    "deleteReason": "",
    "deletedAt": "2025-04-28T18:04:27.540Z"
  },
  {
    "contact": {
      "name": "2",
      "phone": "2",
      "address": "2",
      "bankcode": "2"
    },
    "cart": [
      {
        "name": "兩棲用電子溫溼度計",
        "qty": 1,
        "price": 450
      }
    ],
    "createdAt": "2025-04-28T17:49:07.141Z",
    "deleted": true,
    "status": "已出單，未寄出",
    "deleteReason": "",
    "deletedAt": "2025-04-29T10:43:22.509Z"
  },
  {
    "contact": {
      "name": "3",
      "phone": "3",
      "address": "3",
      "bankcode": "3"
    },
    "cart": [
      {
        "name": "60*36*30 強化玻璃龜缸",
        "qty": 1,
        "price": 2400
      }
    ],
    "createdAt": "2025-04-28T17:49:13.160Z",
    "deleted": true,
    "status": "已出單，未寄出",
    "deleteReason": "",
    "deletedAt": "2025-04-29T10:43:23.373Z"
  },
  {
    "contact": {
      "name": "1",
      "phone": "1",
      "address": "1",
      "bankcode": "1"
    },
    "cart": [
      {
        "name": "兩棲用電子溫溼度計",
        "qty": 1,
        "price": 450
      },
      {
        "name": "60*36*30 強化玻璃龜缸",
        "qty": 1,
        "price": 2400
      }
    ],
    "createdAt": "2025-04-30T03:11:22.101Z",
    "deleted": true,
    "status": "已簽收",
    "deleteReason": "111",
    "deletedAt": "2025-05-02T10:19:47.913Z"
  },
  {
    "contact": {
      "name": "1",
      "phone": "1",
      "address": "1",
      "bankcode": "1"
    },
    "cart": [
      {
        "name": "UVB 全光譜燈123",
        "qty": 1,
        "price": 1280
      },
      {
        "name": "兩棲用電子溫溼度計",
        "qty": 1,
        "price": 450
      },
      {
        "name": "60*36*30 強化玻璃龜缸",
        "qty": 1,
        "price": 2400
      }
    ],
    "createdAt": "2025-04-30T03:11:29.501Z",
    "deleted": true,
    "status": "已出單，未寄出",
    "deleteReason": "恩恩",
    "deletedAt": "2025-04-30T03:17:59.369Z"
  },
  {
    "contact": {
      "name": "2",
      "phone": "2",
      "address": "2",
      "bankcode": "2"
    },
    "cart": [
      {
        "name": "麥稈(八公斤)",
        "qty": 1,
        "price": 450
      },
      {
        "name": "溫控加熱墊（30x20cm）",
        "qty": 1,
        "price": 620
      },
      {
        "name": "自動飲水器（循環型）",
        "qty": 1,
        "price": 399
      }
    ],
    "createdAt": "2025-04-30T03:11:39.637Z",
    "deleted": true,
    "status": "已出單，未寄出",
    "deleteReason": "",
    "deletedAt": "2025-04-30T03:17:16.533Z"
  },
  {
    "contact": {
      "name": "3",
      "phone": "3",
      "address": "3",
      "bankcode": "3"
    },
    "cart": [
      {
        "name": "麥稈(八公斤)",
        "qty": 1,
        "price": 450
      }
    ],
    "createdAt": "2025-04-30T03:11:45.737Z",
    "deleted": true,
    "status": "未出單",
    "deleteReason": "789",
    "deletedAt": "2025-04-30T03:16:53.284Z"
  },
  {
    "contact": {
      "name": "4",
      "phone": "4",
      "address": "4",
      "bankcode": "4"
    },
    "cart": [
      {
        "name": "UVB 全光譜燈123",
        "qty": 1,
        "price": 1280
      }
    ],
    "createdAt": "2025-04-30T03:11:52.023Z",
    "deleted": true,
    "status": "已出單，未寄出",
    "deleteReason": "000",
    "deletedAt": "2025-04-30T03:12:25.069Z"
  },
  {
    "contact": {
      "name": "1",
      "phone": "1",
      "address": "1",
      "bankcode": "1"
    },
    "cart": [
      {
        "name": "UVB 全光譜燈123",
        "qty": 1,
        "price": 1280
      }
    ],
    "createdAt": "2025-05-02T10:37:03.071Z",
    "deleted": true,
    "status": "未出單",
    "statusUpdatedAt": "2025-05-06T08:04:23.102Z",
    "deleteReason": "傻逼不匯錢",
    "deletedAt": "2025-05-06T08:04:48.315Z"
  },
  {
    "contact": {
      "name": "2",
      "phone": "2",
      "address": "2",
      "bankcode": "2"
    },
    "cart": [
      {
        "name": "兩棲用電子溫溼度計",
        "qty": 1,
        "price": 450
      }
    ],
    "createdAt": "2025-05-02T10:37:10.452Z",
    "deleted": true,
    "status": "未出單",
    "statusUpdatedAt": "2025-05-02T11:09:22.822Z",
    "deleteReason": "000",
    "deletedAt": "2025-05-02T11:09:26.837Z"
  },
  {
    "contact": {
      "name": "3",
      "phone": "3",
      "address": "3",
      "bankcode": "3"
    },
    "cart": [
      {
        "name": "溫控加熱墊（30x20cm）",
        "qty": 1,
        "price": 620
      }
    ],
    "createdAt": "2025-05-02T10:37:21.098Z",
    "deleted": true,
    "status": "已出單，未寄出",
    "statusUpdatedAt": "2025-05-02T10:37:44.003Z",
    "deleteReason": "000",
    "deletedAt": "2025-05-02T10:38:10.277Z"
  },
  {
    "contact": {
      "name": "11",
      "phone": "11",
      "address": "1",
      "bankcode": "1"
    },
    "cart": [
      {
        "name": "UVB 全光譜燈123",
        "qty": 1,
        "price": 1280
      }
    ],
    "createdAt": "2025-05-06T06:40:29.491Z",
    "deleted": true,
    "status": "未出單",
    "deleteReason": "test",
    "deletedAt": "2025-05-06T06:41:02.859Z"
  },
  {
    "contact": {
      "name": "1",
      "phone": "1",
      "address": "1",
      "bankcode": "1"
    },
    "cart": [
      {
        "name": "UVB 全光譜燈123",
        "qty": 1,
        "price": 1280
      }
    ],
    "createdAt": "2025-05-06T07:02:45.953Z",
    "deleted": true,
    "status": "已簽收",
    "statusUpdatedAt": "2025-05-06T08:03:27.869Z",
    "deleteReason": "2jo4",
    "deletedAt": "2025-05-06T08:48:38.628Z"
  },
  {
    "contact": {
      "name": "1",
      "phone": "1",
      "address": "1",
      "bankcode": "1"
    },
    "cart": [
      {
        "name": "UVB 全光譜燈123",
        "qty": 1,
        "price": 1280
      }
    ],
    "createdAt": "2025-05-06T07:09:06.149Z",
    "deleted": true,
    "status": "未出單",
    "statusUpdatedAt": "2025-05-06T08:06:28.000Z",
    "deleteReason": "我是國字",
    "deletedAt": "2025-05-06T08:06:35.638Z"
  },
  {
    "contact": {
      "name": "1",
      "phone": "1",
      "address": "1",
      "bankcode": "1"
    },
    "cart": [
      {
        "name": "UVB 全光譜燈123",
        "qty": 1,
        "price": 1280
      }
    ],
    "createdAt": "2025-05-06T07:46:41.508Z",
    "deleted": true,
    "status": "未出單",
    "statusUpdatedAt": "2025-05-06T08:05:46.485Z",
    "deleteReason": "no m",
    "deletedAt": "2025-05-06T08:05:58.094Z"
  },
  {
    "contact": {
      "name": "5",
      "phone": "5",
      "address": "5",
      "bankcode": "5"
    },
    "cart": [
      {
        "name": "UVB 全光譜燈123",
        "qty": 1,
        "price": 1280
      }
    ],
    "createdAt": "2025-05-06T07:46:58.302Z",
    "deleted": true,
    "status": "未出單",
    "statusUpdatedAt": "2025-05-06T08:05:34.607Z",
    "deleteReason": "123",
    "deletedAt": "2025-05-06T08:05:37.929Z"
  },
  {
    "createdAt": "2025-05-06T08:48:16.840Z",
    "contact": {
      "name": "1",
      "phone": "1",
      "address": "1",
      "bankcode": "1"
    },
    "cart": [
      {
        "name": "UVB 全光譜燈123",
        "qty": 1,
        "price": 1280
      }
    ],
    "deleted": true,
    "status": "未出單",
    "statusUpdatedAt": "2025-05-07T05:01:47.025Z",
    "deleteReason": "測試用",
    "deletedAt": "2025-05-07T05:01:54.997Z"
  },
  {
    "createdAt": "20250506170137989",
    "contact": {
      "name": "1",
      "phone": "1",
      "address": "1",
      "bankcode": "1"
    },
    "cart": [
      {
        "name": "UVB 全光譜燈123",
        "qty": 1,
        "price": 1280
      }
    ],
    "deleted": true,
    "status": "未出單",
    "deleteReason": "2jo4",
    "deletedAt": "2025-05-06T09:02:08.715Z"
  },
  {
    "createdAt": "20250506170735959",
    "contact": {
      "name": "對",
      "phone": "0",
      "address": "對",
      "bankcode": "0"
    },
    "cart": [
      {
        "name": "兩棲用電子溫溼度計",
        "qty": 1,
        "price": 450
      }
    ],
    "deleted": true,
    "status": "未出單",
    "statusUpdatedAt": "2025-05-06T10:24:56.509Z",
    "deleteReason": "0",
    "deletedAt": "2025-05-07T05:02:12.842Z"
  },
  {
    "createdAt": "20250507130350327",
    "contact": {
      "name": "1",
      "phone": "1",
      "address": "1",
      "bankcode": "1"
    },
    "cart": [
      {
        "name": "UVB 全光譜燈123",
        "qty": 1,
        "price": 1280
      }
    ],
    "deleted": false,
    "status": "未出單"
  },
  {
    "createdAt": "20250507130356411",
    "contact": {
      "name": "2",
      "phone": "2",
      "address": "2",
      "bankcode": "2"
    },
    "cart": [
      {
        "name": "兩棲用電子溫度計與濕度計",
        "qty": 1,
        "price": 450
      }
    ],
    "deleted": false,
    "status": "未出單"
  },
  {
    "createdAt": "20250507130401759",
    "contact": {
      "name": "3",
      "phone": "3",
      "address": "3",
      "bankcode": "3"
    },
    "cart": [
      {
        "name": "60*36*30 強化玻璃龜缸",
        "qty": 1,
        "price": 2400
      }
    ],
    "deleted": true,
    "status": "已出單，未寄出",
    "statusUpdatedAt": "2025-05-07T05:04:10.381Z",
    "deleteReason": "789",
    "deletedAt": "2025-05-07T05:04:14.743Z"
  },
  {
    "createdAt": "20250507134623438",
    "contact": {
      "name": "2",
      "phone": "2",
      "address": "2",
      "bankcode": "2"
    },
    "cart": [
      {
        "name": "UVB 全光譜燈123",
        "qty": 1,
        "price": 1280
      }
    ],
    "deleted": false,
    "status": "未出單"
  },
  {
    "createdAt": "20250507135248867",
    "contact": {
      "name": "1",
      "phone": "1",
      "address": "1",
      "bankcode": "1"
    },
    "cart": [
      {
        "name": "UVB 全光譜燈123",
        "qty": 1,
        "price": 1280
      }
    ],
    "deleted": false,
    "status": "未出單"
  },
  {
    "createdAt": "20250507140005810",
    "contact": {
      "name": "1",
      "phone": "1",
      "address": "1",
      "bankcode": "1"
    },
    "cart": [
      {
        "name": "兩棲用電子溫度計與濕度計",
        "qty": 1,
        "price": 450
      }
    ],
    "deleted": false,
    "status": "未出單"
  },
  {
    "createdAt": "20250507140709094",
    "contact": {
      "name": "1",
      "phone": "1",
      "address": "1",
      "bankcode": "1"
    },
    "cart": [
      {
        "name": "60*36*30 強化玻璃龜缸",
        "qty": 1,
        "price": 2400
      }
    ],
    "deleted": false,
    "status": "未出單"
  },
  {
    "createdAt": "20250507140719594",
    "contact": {
      "name": "4",
      "phone": "4",
      "address": "4",
      "bankcode": "4"
    },
    "cart": [
      {
        "name": "兩棲用電子溫度計與濕度計",
        "qty": 1,
        "price": 450
      }
    ],
    "deleted": false,
    "status": "未出單"
  },
  {
    "createdAt": "20250507141145174",
    "contact": {
      "name": "4",
      "phone": "4",
      "address": "4",
      "bankcode": "4"
    },
    "cart": [
      {
        "name": "UVB 全光譜燈123",
        "qty": 1,
        "price": 1280
      }
    ],
    "deleted": false,
    "status": "未出單"
  },
  {
    "createdAt": "20250507141355328",
    "contact": {
      "name": "5",
      "phone": "5",
      "address": "5",
      "bankcode": "5"
    },
    "cart": [
      {
        "name": "兩棲用電子溫度計與濕度計",
        "qty": 1,
        "price": 450
      }
    ],
    "deleted": false,
    "status": "未出單"
  },
  {
    "createdAt": "20250507143150275",
    "contact": {
      "name": "7",
      "phone": "7",
      "address": "7",
      "bankcode": "7"
    },
    "cart": [
      {
        "name": "60*36*30 強化玻璃龜缸",
        "qty": 1,
        "price": 2400
      }
    ],
    "deleted": true,
    "status": "未出單",
    "deleteReason": "123",
    "deletedAt": "2025-05-08T02:10:24.969Z"
  },
  {
    "createdAt": "20250507150759671",
    "contact": {
      "name": "4",
      "phone": "4",
      "address": "4",
      "bankcode": "4"
    },
    "cart": [
      {
        "name": "60*36*30 強化玻璃龜缸",
        "qty": 1,
        "price": 2400
      },
      {
        "name": "UVB 全光譜燈123",
        "qty": 1,
        "price": 1280
      }
    ],
    "deleted": true,
    "status": "已出單，未寄出",
    "statusUpdatedAt": "2025-05-07T11:30:28.293Z",
    "deleteReason": "555",
    "deletedAt": "2025-05-07T11:30:32.291Z"
  }
]